{
  "metadata": {
    "created": "2026-01-01T00:00:00",
    "num_segments": 4,
    "total_laps_analyzed": 5,
    "ideal_efficiency_km_kwh": 285.5,
    "best_single_lap_efficiency": 278.2,
    "improvement_percent": 2.6
  },
  "segments": [
    {
      "id": 0,
      "name": "Q1",
      "start_m": 0.0,
      "end_m": 925.0,
      "source_lap": "Lap_2",
      "target_speed_kmh": 28.5,
      "target_power_w": 450,
      "efficiency_km_kwh": 295.3,
      "energy_wh": 3.13,
      "path": [
        [25.488720817, 51.450041667],
        [25.489118117, 51.449772783],
        [25.489634967, 51.4494259],
        [25.490174433, 51.4490968],
        [25.490778517, 51.448718667],
        [25.491375483, 51.4483175],
        [25.49207065, 51.447894133],
        [25.49281835, 51.447592117],
        [25.49332805, 51.44779815]
      ]
    },
    {
      "id": 1,
      "name": "Q2",
      "start_m": 925.0,
      "end_m": 1850.0,
      "source_lap": "Lap_3",
      "target_speed_kmh": 32.1,
      "target_power_w": 520,
      "efficiency_km_kwh": 288.7,
      "energy_wh": 3.21,
      "path": [
        [25.493340667, 51.4485594],
        [25.492783567, 51.4492677],
        [25.492344683, 51.4499655],
        [25.492093667, 51.4504178],
        [25.491843833, 51.450869917],
        [25.491728483, 51.451032067],
        [25.491605533, 51.451620533],
        [25.49126045, 51.45209375],
        [25.4907238, 51.452599483]
      ]
    },
    {
      "id": 2,
      "name": "Q3",
      "start_m": 1850.0,
      "end_m": 2775.0,
      "source_lap": "Lap_1",
      "target_speed_kmh": 26.8,
      "target_power_w": 380,
      "efficiency_km_kwh": 292.1,
      "energy_wh": 3.17,
      "path": [
        [25.4903161, 51.4532868],
        [25.490022133, 51.454066267],
        [25.489953533, 51.454641933],
        [25.489913083, 51.455323067],
        [25.489864867, 51.4560174],
        [25.489941783, 51.456826383],
        [25.490047383, 51.457621017],
        [25.4901291, 51.458597433],
        [25.489850217, 51.4592955],
        [25.489330333, 51.459635267]
      ]
    },
    {
      "id": 3,
      "name": "Q4",
      "start_m": 2775.0,
      "end_m": 3700.0,
      "source_lap": "Lap_2",
      "target_speed_kmh": 30.2,
      "target_power_w": 470,
      "efficiency_km_kwh": 286.4,
      "energy_wh": 3.23,
      "path": [
        [25.4888498, 51.459938433],
        [25.48819055, 51.459881967],
        [25.4876145, 51.459461033],
        [25.487013117, 51.458864067],
        [25.487152133, 51.4578886],
        [25.487378983, 51.456626417],
        [25.487225267, 51.455559233],
        [25.486557067, 51.45511635],
        [25.485987883, 51.454824083],
        [25.485314717, 51.454472317],
        [25.484617433, 51.45412505],
        [25.483955633, 51.453340033],
        [25.484620783, 51.452493867],
        [25.485420317, 51.45201425],
        [25.48590055, 51.451725583],
        [25.486500183, 51.451353483],
        [25.48733545, 51.4508152],
        [25.487992833, 51.4504049],
        [25.488720817, 51.450041667]
      ]
    }
  ],
  "racing_line": [
    {"lat": 25.488720817, "lon": 51.450041667, "target_speed": 28.5, "segment_name": "Q1", "segment_id": 0},
    {"lat": 25.489118117, "lon": 51.449772783, "target_speed": 28.5, "segment_name": "Q1", "segment_id": 0},
    {"lat": 25.489634967, "lon": 51.4494259, "target_speed": 28.5, "segment_name": "Q1", "segment_id": 0},
    {"lat": 25.490174433, "lon": 51.4490968, "target_speed": 28.5, "segment_name": "Q1", "segment_id": 0},
    {"lat": 25.490778517, "lon": 51.448718667, "target_speed": 28.5, "segment_name": "Q1", "segment_id": 0},
    {"lat": 25.491375483, "lon": 51.4483175, "target_speed": 28.5, "segment_name": "Q1", "segment_id": 0},
    {"lat": 25.49207065, "lon": 51.447894133, "target_speed": 28.5, "segment_name": "Q1", "segment_id": 0},
    {"lat": 25.49281835, "lon": 51.447592117, "target_speed": 28.5, "segment_name": "Q1", "segment_id": 0},
    {"lat": 25.49332805, "lon": 51.44779815, "target_speed": 28.5, "segment_name": "Q1", "segment_id": 0},
    {"lat": 25.493340667, "lon": 51.4485594, "target_speed": 32.1, "segment_name": "Q2", "segment_id": 1},
    {"lat": 25.492783567, "lon": 51.4492677, "target_speed": 32.1, "segment_name": "Q2", "segment_id": 1},
    {"lat": 25.492344683, "lon": 51.4499655, "target_speed": 32.1, "segment_name": "Q2", "segment_id": 1},
    {"lat": 25.492093667, "lon": 51.4504178, "target_speed": 32.1, "segment_name": "Q2", "segment_id": 1},
    {"lat": 25.491843833, "lon": 51.450869917, "target_speed": 32.1, "segment_name": "Q2", "segment_id": 1},
    {"lat": 25.491728483, "lon": 51.451032067, "target_speed": 32.1, "segment_name": "Q2", "segment_id": 1},
    {"lat": 25.491605533, "lon": 51.451620533, "target_speed": 32.1, "segment_name": "Q2", "segment_id": 1},
    {"lat": 25.49126045, "lon": 51.45209375, "target_speed": 32.1, "segment_name": "Q2", "segment_id": 1},
    {"lat": 25.4907238, "lon": 51.452599483, "target_speed": 32.1, "segment_name": "Q2", "segment_id": 1},
    {"lat": 25.4903161, "lon": 51.4532868, "target_speed": 26.8, "segment_name": "Q3", "segment_id": 2},
    {"lat": 25.490022133, "lon": 51.454066267, "target_speed": 26.8, "segment_name": "Q3", "segment_id": 2},
    {"lat": 25.489953533, "lon": 51.454641933, "target_speed": 26.8, "segment_name": "Q3", "segment_id": 2},
    {"lat": 25.489913083, "lon": 51.455323067, "target_speed": 26.8, "segment_name": "Q3", "segment_id": 2},
    {"lat": 25.489864867, "lon": 51.4560174, "target_speed": 26.8, "segment_name": "Q3", "segment_id": 2},
    {"lat": 25.489941783, "lon": 51.456826383, "target_speed": 26.8, "segment_name": "Q3", "segment_id": 2},
    {"lat": 25.490047383, "lon": 51.457621017, "target_speed": 26.8, "segment_name": "Q3", "segment_id": 2},
    {"lat": 25.4901291, "lon": 51.458597433, "target_speed": 26.8, "segment_name": "Q3", "segment_id": 2},
    {"lat": 25.489850217, "lon": 51.4592955, "target_speed": 26.8, "segment_name": "Q3", "segment_id": 2},
    {"lat": 25.489330333, "lon": 51.459635267, "target_speed": 26.8, "segment_name": "Q3", "segment_id": 2},
    {"lat": 25.4888498, "lon": 51.459938433, "target_speed": 30.2, "segment_name": "Q4", "segment_id": 3},
    {"lat": 25.48819055, "lon": 51.459881967, "target_speed": 30.2, "segment_name": "Q4", "segment_id": 3},
    {"lat": 25.4876145, "lon": 51.459461033, "target_speed": 30.2, "segment_name": "Q4", "segment_id": 3},
    {"lat": 25.487013117, "lon": 51.458864067, "target_speed": 30.2, "segment_name": "Q4", "segment_id": 3},
    {"lat": 25.487152133, "lon": 51.4578886, "target_speed": 30.2, "segment_name": "Q4", "segment_id": 3},
    {"lat": 25.487378983, "lon": 51.456626417, "target_speed": 30.2, "segment_name": "Q4", "segment_id": 3},
    {"lat": 25.487225267, "lon": 51.455559233, "target_speed": 30.2, "segment_name": "Q4", "segment_id": 3},
    {"lat": 25.486557067, "lon": 51.45511635, "target_speed": 30.2, "segment_name": "Q4", "segment_id": 3},
    {"lat": 25.485987883, "lon": 51.454824083, "target_speed": 30.2, "segment_name": "Q4", "segment_id": 3},
    {"lat": 25.485314717, "lon": 51.454472317, "target_speed": 30.2, "segment_name": "Q4", "segment_id": 3},
    {"lat": 25.484617433, "lon": 51.45412505, "target_speed": 30.2, "segment_name": "Q4", "segment_id": 3},
    {"lat": 25.483955633, "lon": 51.453340033, "target_speed": 30.2, "segment_name": "Q4", "segment_id": 3},
    {"lat": 25.484620783, "lon": 51.452493867, "target_speed": 30.2, "segment_name": "Q4", "segment_id": 3},
    {"lat": 25.485420317, "lon": 51.45201425, "target_speed": 30.2, "segment_name": "Q4", "segment_id": 3},
    {"lat": 25.48590055, "lon": 51.451725583, "target_speed": 30.2, "segment_name": "Q4", "segment_id": 3},
    {"lat": 25.486500183, "lon": 51.451353483, "target_speed": 30.2, "segment_name": "Q4", "segment_id": 3},
    {"lat": 25.48733545, "lon": 51.4508152, "target_speed": 30.2, "segment_name": "Q4", "segment_id": 3},
    {"lat": 25.487992833, "lon": 51.4504049, "target_speed": 30.2,